{
  "accuracy": 0.9730128379323375,
  "miou": 0.25932765974194083,
  "per_class": {
    "class_0": {
      "iou": 0.9969946437996403,
      "precision": 0.99855156158071,
      "recall": 0.9984474002813064,
      "pixel_count": 100611251
    },
    "class_1": {
      "iou": 0.2996436549100639,
      "precision": 0.28468695446230335,
      "recall": 0.9626965396340685,
      "pixel_count": 1103785
    },
    "class_2": {
      "iou": 0.0,
      "precision": 0.0,
      "recall": 0.0,
      "pixel_count": 1359136
    },
    "class_3": {
      "iou": 0.0,
      "precision": 0.0,
      "recall": 0.0,
      "pixel_count": 1168174
    },
    "class_4": {
      "iou": 0.0,
      "precision": 0.0,
      "recall": 0.0,
      "pixel_count": 90966
    }
  },
  "confusion_matrix": [
    [
      100455042.0,
      156209.0,
      0.0,
      0.0,
      0.0
    ],
    [
      41175.0,
      1062610.0,
      0.0,
      0.0,
      0.0
    ],
    [
      57101.0,
      1302035.0,
      0.0,
      0.0,
      0.0
    ],
    [
      44609.0,
      1123565.0,
      0.0,
      0.0,
      0.0
    ],
    [
      2829.0,
      88137.0,
      0.0,
      0.0,
      0.0
    ]
  ]
}