{
  "accuracy": 0.997621191206889,
  "miou": 0.9461436060748403,
  "per_class": {
    "class_0": {
      "iou": 0.997544963541879,
      "precision": 0.9987939638235266,
      "recall": 0.9987543838412265,
      "pixel_count": 100611251
    },
    "class_1": {
      "iou": 0.930692544711286,
      "precision": 0.9678029787843585,
      "recall": 0.9669971960118957,
      "pixel_count": 1103785
    },
    "class_2": {
      "iou": 0.9204178012412118,
      "precision": 0.963707956377841,
      "recall": 0.965196271749104,
      "pixel_count": 1359136
    },
    "class_3": {
      "iou": 0.93621550684133,
      "precision": 0.9663797079169787,
      "recall": 0.9686348095403513,
      "pixel_count": 1168174
    },
    "class_4": {
      "iou": 0.9458472140384943,
      "precision": 0.9717069206013409,
      "recall": 0.9725721698215848,
      "pixel_count": 90966
    }
  },
  "confusion_matrix": [
    [
      100485928.0,
      35157.0,
      48680.0,
      38910.0,
      2576.0
    ],
    [
      36054.0,
      1067357.0,
      374.0,
      0.0,
      0.0
    ],
    [
      46495.0,
      352.0,
      1311833.0,
      456.0,
      0.0
    ],
    [
      36292.0,
      0.0,
      348.0,
      1131534.0,
      0.0
    ],
    [
      2495.0,
      0.0,
      0.0,
      0.0,
      88471.0
    ]
  ]
}