{
  "accuracy": 0.9974696327094457,
  "miou": 0.9639765720775939,
  "per_class": {
    "class_0": {
      "iou": 0.9973720283423106,
      "precision": 0.9987440772999381,
      "recall": 0.9986325727997682,
      "pixel_count": 503203388
    },
    "class_1": {
      "iou": 0.9305811158128771,
      "precision": 0.9628445962904095,
      "recall": 0.9657743533992962,
      "pixel_count": 18463172
    }
  },
  "confusion_matrix": [
    [
      502515294.0,
      688094.0
    ],
    [
      631914.0,
      17831258.0
    ]
  ]
}